Suomi-opiston viesti,1963,,-
Suomitervehdys,1926,,-
Suuret haaveilijat : heidän oppinsa ja kokeilunsa,1905,,-
Sydänkesä,1950,,-
Säkeniä : kaunokirjallinen kuukausijulkaisu,1907,https://digi.kansalliskirjasto.fi/aikakausi/titles/fk32712,fk32712
Taistelun viiri,1933,https://digi.kansalliskirjasto.fi/aikakausi/titles/fk31349,fk31349
Teosofian valo : suomalainen teosofinen kuukausilehti Amerikassa,1915,https://digi.kansalliskirjasto.fi/aikakausi/titles/fk20110647,fk20110647
Tervehdys Suomelle,1920,,-
Thunder Bay homes : news,1972,,-
Tie vapauteen,1919,https://digi.kansalliskirjasto.fi/aikakausi/titles/fk31365,fk31365
Tiedon henki,1910,https://digi.kansalliskirjasto.fi/aikakausi/titles/fk20110123,fk20110123
Tiedonanto,1958,,-
Totuus,1920,https://digi.kansalliskirjasto.fi/aikakausi/titles/fk34437,fk34437
Twenty-fifth anniversary of UCF : a record of cooperative achievement 1928-1953,1953,,-
The Twenty-one,1951,,-
Tyynenmeren sanomat : kuulumisia Lännen-waltioista ynnä muualta,1901,,-
Työkansan nuoli,1909,https://digi.kansalliskirjasto.fi/aikakausi/titles/fk36436,fk36436
Työläisten Karjala : Karjalan julkaisu,1921,,-
Työläisurheilijain joulu 1930 : Canadan työväen urheiluliiton suom. jaoston tilapäisjulkaisu,1930,,-
Työmiehen joulu,1903,https://digi.kansalliskirjasto.fi/aikakausi/titles/fk34314,fk34314
Työmies - Eteenpäin : Amerikan suomalaisen työtätekevän väestön yhdistynyt äänenkannattaja,1950,,-
Työmies 40 vuotias : 1903-1943 : amerikan suomalaisten juhlajulkaisu,1943,,-
Työmies : Amerikan suomalaisen edistysmielisen väestön äänenkannattaja,1904,,-
[Työmies] : seventieth anniversary : souvenier journal : 1903-1973,1973,,-
Työn Vappu : Canadan suomalaisten työläisten ja farmarien kevätjulkaisu,1934,https://digi.kansalliskirjasto.fi/aikakausi/titles/fk31411,fk31411
Työväen kalenteri,1904,,-
Työväen-opiston kevätjulkaisu,,https://digi.kansalliskirjasto.fi/aikakausi/titles/fk20110216,fk20110216
"Tähti neljäkymmentä vuotta New Yorkissa, U.S.A. 1896-1936 : New Yorkin suomalaisen ""Tähti"" raittiusseuran muistojulkaisu",1937,,-
Urheilu-viesti : ulkaisu urheilu- ja voimisteluharrastuksen elvyttämiseksi Amerikan suomalaisten keskuudessa,1909,https://digi.kansalliskirjasto.fi/aikakausi/titles/fk20110217,fk20110217
Urheiluviesti,1975,,-
Uusi aika : tieteellinen kuukausijulkaisu,1923,https://digi.kansalliskirjasto.fi/aikakausi/titles/fk31429,fk31429
Uusi aika : vapaamielinen aikakauskirja,1914,https://digi.kansalliskirjasto.fi/aikakausi/titles/fk20110653,fk20110653
Uusi länsi,1966,,-
Vallankumous : Kansan-opiston toverikunnan albumi,1908,,-
Valoa kohti : teosofinen kuukausijulkaisu,1917,https://digi.kansalliskirjasto.fi/aikakausi/titles/fk20110655,fk20110655
Vancouver Finlandia Club tiedottaa,1971,,-
Vapaa sana : North America's Finnish weekly,1931,http://www.vapaasana.com/paakirjoitus.htm,-
Vapauden soihtu,1919,https://digi.kansalliskirjasto.fi/aikakausi/titles/fk34670,fk34670
Vapauden viiri : Canadan suomalaisten neljännesvuosijulkaisu,1937,https://digi.kansalliskirjasto.fi/aikakausi/titles/fk31455,fk31455
Vesi n:o 22 : juhlajulkaisu 1888-1913,1913,https://digi.kansalliskirjasto.fi/aikakausi/titles/fk20110629,fk20110629
Viesti : kaunokirjallinen kuukausijulkaisu,1915,https://digi.kansalliskirjasto.fi/aikakausi/titles/fk20110656,fk20110656
Viesti : työväen kuukausijulkaisu käsitellen marxilais-lenininiläistä teoriaa ja työväen kirjallisuutta ja taidetta,1930,https://digi.kansalliskirjasto.fi/aikakausi/titles/fk20110657,fk20110657
Väkäleuka : ainoa suomalainen pilalahti Amerikassa,1917,https://digi.kansalliskirjasto.fi/aikakausi/titles/fk36450,fk36450
The Walther League messenger for youth,,,-
The William P. Shepard collection of Provencalia : a critical bibliography,1971,,-
Year book of the Northern States' Co-operative League : an annual of consumers' co-operatives in the north central states of the U. S. A.,1925,,-
Yearbook : a survey of consumers' cooperation in the United States,1930,,-
Äänenkannattaja,1915,https://digi.kansalliskirjasto.fi/aikakausi/titles/fk20110662,fk20110662
